id,label
img_1.jpg,7
img_2.jpg,7
img_3.jpg,7
img_4.jpg,15
img_5.jpg,15
img_6.jpg,19
img_7.jpg,15
img_8.jpg,19
img_9.jpg,8
img_10.jpg,29
img_11.jpg,15
img_12.jpg,8
img_13.jpg,19
img_14.jpg,29
img_15.jpg,15
img_16.jpg,7
img_17.jpg,7
img_18.jpg,7
img_19.jpg,7
img_20.jpg,15
img_21.jpg,29
img_22.jpg,19
img_23.jpg,7
img_24.jpg,19
img_25.jpg,19
img_26.jpg,19
img_27.jpg,15
img_28.jpg,27
img_29.jpg,7
img_30.jpg,19
img_31.jpg,29
img_32.jpg,15
img_33.jpg,27
img_34.jpg,15
img_35.jpg,15
img_36.jpg,14
img_37.jpg,19
img_38.jpg,19
img_39.jpg,7
img_40.jpg,15
img_41.jpg,15
img_42.jpg,19
img_43.jpg,15
img_44.jpg,15
img_45.jpg,15
img_46.jpg,19
img_47.jpg,7
img_48.jpg,24
img_49.jpg,29
img_50.jpg,15
img_51.jpg,15
img_52.jpg,7
img_53.jpg,7
img_54.jpg,15
img_55.jpg,19
img_56.jpg,7
img_57.jpg,29
img_58.jpg,7
img_59.jpg,19
img_60.jpg,15
img_61.jpg,14
img_62.jpg,14
img_63.jpg,15
img_64.jpg,7
img_65.jpg,15
img_66.jpg,24
img_67.jpg,7
img_68.jpg,19
img_69.jpg,15
img_70.jpg,15
img_71.jpg,15
img_72.jpg,15
img_73.jpg,16
img_74.jpg,19
img_75.jpg,7
img_76.jpg,19
img_77.jpg,15
img_78.jpg,7
img_79.jpg,8
img_80.jpg,15
img_81.jpg,19
img_82.jpg,19
img_83.jpg,14
img_84.jpg,19
img_85.jpg,19
img_86.jpg,7
img_87.jpg,15
img_88.jpg,19
img_89.jpg,19
img_90.jpg,19
img_91.jpg,19
img_92.jpg,15
img_93.jpg,7
img_94.jpg,15
img_95.jpg,19
img_96.jpg,19
img_97.jpg,15
img_98.jpg,7
img_99.jpg,7
img_100.jpg,15
img_101.jpg,27
img_102.jpg,19
img_103.jpg,15
img_104.jpg,19
img_105.jpg,15
img_106.jpg,7
img_107.jpg,19
img_108.jpg,15
img_109.jpg,15
img_110.jpg,19
img_111.jpg,15
img_112.jpg,7
img_113.jpg,19
img_114.jpg,19
img_115.jpg,19
img_116.jpg,19
img_117.jpg,15
img_118.jpg,19
img_119.jpg,15
img_120.jpg,19
img_121.jpg,7
img_122.jpg,19
img_123.jpg,19
img_124.jpg,19
img_125.jpg,29
img_126.jpg,16
img_127.jpg,19
img_128.jpg,19
img_129.jpg,15
img_130.jpg,29
img_131.jpg,19
img_132.jpg,22
img_133.jpg,22
img_134.jpg,19
img_135.jpg,19
img_136.jpg,15
img_137.jpg,15
img_138.jpg,19
img_139.jpg,29
img_140.jpg,19
img_141.jpg,19
img_142.jpg,7
img_143.jpg,7
img_144.jpg,7
img_145.jpg,7
img_146.jpg,19
img_147.jpg,19
img_148.jpg,19
img_149.jpg,7
img_150.jpg,15
img_151.jpg,19
img_152.jpg,7
img_153.jpg,19
img_154.jpg,7
img_155.jpg,7
img_156.jpg,15
img_157.jpg,19
img_158.jpg,15
img_159.jpg,19
img_160.jpg,15
img_161.jpg,15
img_162.jpg,15
img_163.jpg,15
img_164.jpg,19
img_165.jpg,19
img_166.jpg,19
img_167.jpg,7
img_168.jpg,19
img_169.jpg,27
img_170.jpg,15
img_171.jpg,15
img_172.jpg,7
img_173.jpg,24
img_174.jpg,19
img_175.jpg,19
img_176.jpg,19
img_177.jpg,19
img_178.jpg,15
img_179.jpg,15
img_180.jpg,15
img_181.jpg,15
img_182.jpg,15
img_183.jpg,15
img_184.jpg,15
img_185.jpg,19
img_186.jpg,19
img_187.jpg,15
img_188.jpg,19
img_189.jpg,7
img_190.jpg,15
img_191.jpg,7
img_192.jpg,19
img_193.jpg,29
img_194.jpg,19
img_195.jpg,15
img_196.jpg,15
img_197.jpg,19
img_198.jpg,24
img_199.jpg,19
img_200.jpg,15
img_201.jpg,8
img_202.jpg,7
img_203.jpg,19
img_204.jpg,7
img_205.jpg,15
img_206.jpg,27
img_207.jpg,15
img_208.jpg,27
img_209.jpg,15
img_210.jpg,19
img_211.jpg,19
img_212.jpg,19
img_213.jpg,15
img_214.jpg,16
img_215.jpg,24
img_216.jpg,15
img_217.jpg,15
img_218.jpg,7
img_219.jpg,15
img_220.jpg,16
img_221.jpg,15
img_222.jpg,19
img_223.jpg,15
img_224.jpg,19
img_225.jpg,19
img_226.jpg,7
img_227.jpg,19
img_228.jpg,24
img_229.jpg,7
img_230.jpg,7
img_231.jpg,19
img_232.jpg,15
img_233.jpg,19
img_234.jpg,19
img_235.jpg,15
img_236.jpg,15
img_237.jpg,27
img_238.jpg,19
img_239.jpg,15
img_240.jpg,19
img_241.jpg,7
img_242.jpg,7
img_243.jpg,8
img_244.jpg,7
img_245.jpg,15
img_246.jpg,15
img_247.jpg,15
img_248.jpg,7
img_249.jpg,19
img_250.jpg,15
img_251.jpg,24
img_252.jpg,19
img_253.jpg,27
img_254.jpg,15
img_255.jpg,15
img_256.jpg,7
img_257.jpg,15
img_258.jpg,19
img_259.jpg,15
img_260.jpg,19
img_261.jpg,7
img_262.jpg,22
img_263.jpg,15
img_264.jpg,19
img_265.jpg,15
img_266.jpg,15
img_267.jpg,19
img_268.jpg,19
img_269.jpg,15
img_270.jpg,19
img_271.jpg,8
img_272.jpg,15
img_273.jpg,27
img_274.jpg,15
img_275.jpg,7
img_276.jpg,29
img_277.jpg,15
img_278.jpg,15
img_279.jpg,19
img_280.jpg,7
img_281.jpg,7
img_282.jpg,15
img_283.jpg,15
img_284.jpg,15
img_285.jpg,15
img_286.jpg,15
img_287.jpg,7
img_288.jpg,15
img_289.jpg,7
img_290.jpg,15
img_291.jpg,15
img_292.jpg,19
img_293.jpg,14
img_294.jpg,15
img_295.jpg,29
img_296.jpg,16
img_297.jpg,15
img_298.jpg,15
img_299.jpg,15
img_300.jpg,19
img_301.jpg,15
img_302.jpg,15
img_303.jpg,15
img_304.jpg,7
img_305.jpg,15
img_306.jpg,19
img_307.jpg,15
img_308.jpg,7
img_309.jpg,19
img_310.jpg,19
img_311.jpg,8
img_312.jpg,19
img_313.jpg,15
img_314.jpg,15
img_315.jpg,7
img_316.jpg,15
img_317.jpg,15
img_318.jpg,15
img_319.jpg,7
img_320.jpg,19
img_321.jpg,7
img_322.jpg,19
img_323.jpg,19
img_324.jpg,15
img_325.jpg,7
img_326.jpg,15
img_327.jpg,19
img_328.jpg,19
img_329.jpg,15
img_330.jpg,29
img_331.jpg,19
img_332.jpg,7
img_333.jpg,15
img_334.jpg,19
img_335.jpg,27
img_336.jpg,19
img_337.jpg,19
img_338.jpg,19
img_339.jpg,22
img_340.jpg,7
img_341.jpg,19
img_342.jpg,15
img_343.jpg,15
img_344.jpg,8
img_345.jpg,19
img_346.jpg,7
img_347.jpg,19
img_348.jpg,19
img_349.jpg,19
img_350.jpg,15
img_351.jpg,19
img_352.jpg,24
img_353.jpg,19
img_354.jpg,27
img_355.jpg,8
img_356.jpg,15
img_357.jpg,15
img_358.jpg,15
img_359.jpg,19
img_360.jpg,19
img_361.jpg,15
img_362.jpg,8
img_363.jpg,19
img_364.jpg,19
img_365.jpg,15
img_366.jpg,19
img_367.jpg,15
img_368.jpg,19
img_369.jpg,19
img_370.jpg,15
img_371.jpg,15
img_372.jpg,19
img_373.jpg,7
img_374.jpg,15
img_375.jpg,15
img_376.jpg,7
img_377.jpg,8
img_378.jpg,27
img_379.jpg,19
img_380.jpg,7
img_381.jpg,19
img_382.jpg,7
img_383.jpg,16
img_384.jpg,7
img_385.jpg,15
img_386.jpg,15
img_387.jpg,19
img_388.jpg,7
img_389.jpg,19
img_390.jpg,8
img_391.jpg,19
img_392.jpg,15
img_393.jpg,15
img_394.jpg,7
img_395.jpg,15
img_396.jpg,19
img_397.jpg,19
img_398.jpg,15
img_399.jpg,16
img_400.jpg,19
img_401.jpg,27
img_402.jpg,19
img_403.jpg,19
img_404.jpg,19
img_405.jpg,19
img_406.jpg,29
img_407.jpg,19
img_408.jpg,29
img_409.jpg,15
img_410.jpg,15
img_411.jpg,27
img_412.jpg,19
img_413.jpg,7
img_414.jpg,19
img_415.jpg,15
img_416.jpg,15
img_417.jpg,19
img_418.jpg,22
img_419.jpg,19
img_420.jpg,19
img_421.jpg,29
img_422.jpg,7
img_423.jpg,7
img_424.jpg,19
img_425.jpg,7
img_426.jpg,7
img_427.jpg,7
img_428.jpg,19
img_429.jpg,19
img_430.jpg,15
img_431.jpg,15
img_432.jpg,19
img_433.jpg,19
img_434.jpg,15
img_435.jpg,19
img_436.jpg,15
img_437.jpg,19
img_438.jpg,24
img_439.jpg,15
img_440.jpg,15
img_441.jpg,15
img_442.jpg,15
img_443.jpg,19
img_444.jpg,7
img_445.jpg,15
img_446.jpg,15
img_447.jpg,15
img_448.jpg,16
